Workbook

Sheet GiaoDich
A1: MaGiaoDich | B1: MaNguoiDung | C1: TenNguoiDung | D1: SoTien | E1: PhiNganHang | F1: TrangThai | G1: TenTraCuu | I1: BANG TRA CUU NGUOI DUNG | L1: BANG TRA CUU THEO MA GIAO DICH
A2: TX1001 | B2: U001 | C2: Nguyen An | D2: 120000 | E2: 1200 | F2: Thanh cong | G2: =IFERROR(VLOOKUP(A2,$L$3:$M$10,2,FALSE),"KHONG TIM THAY") -> Nguyen An | I2: MaNguoiDung | J2: TenNguoiDung | L2: MaGiaoDich | M2: TenNguoiDungDaLamSach
A3: TX1002 | B3: U002 | C3: Tran Binh | D3: 85000 | E3: 850 | F3: Thanh cong | G3: =IFERROR(VLOOKUP(A3,$L$3:$M$10,2,FALSE),"KHONG TIM THAY") -> Tran Binh | I3: U001 | J3: Nguyen An | L3: =A2 -> TX1001 | M3: =TRIM(C2) -> Nguyen An
A4: TX1003 | B4: U003 | C4: Le Chi | D4: 250000 | E4: 2500 | F4: Thanh cong | G4: =IFERROR(VLOOKUP(A4,$L$3:$M$10,2,FALSE),"KHONG TIM THAY") -> Le Chi | I4: U002 | J4: Tran Binh | L4: =A3 -> TX1002 | M4: =TRIM(C3) -> Tran Binh
A5: TX1004 | B5: U001 | C5: Nguyen An | D5: 50000 | E5: 500 | F5: Hoan tien | G5: =IFERROR(VLOOKUP(A5,$L$3:$M$10,2,FALSE),"KHONG TIM THAY") -> Nguyen An | I5: U003 | J5: Le Chi | L5: =A4 -> TX1003 | M5: =TRIM(C4) -> Le Chi
A6: TX1005 | B6: U004 | C6: Pham Duy | D6: 175000 | E6: 1750 | F6: Thanh cong | G6: =IFERROR(VLOOKUP(A6,$L$3:$M$10,2,FALSE),"KHONG TIM THAY") -> Pham Duy | I6: U004 | J6: Pham Duy | L6: =A5 -> TX1004 | M6: =TRIM(C5) -> Nguyen An
A7: TX1006 | B7: U005 | C7: Hoang Giang | D7: 99000 | E7: 990 | F7: Thanh cong | G7: =IFERROR(VLOOKUP(A7,$L$3:$M$10,2,FALSE),"KHONG TIM THAY") -> Hoang Giang | I7: U005 | J7: Hoang Giang | L7: =A6 -> TX1005 | M7: =TRIM(C6) -> Pham Duy
A8: TX1007 | B8: U002 | C8: Tran Binh | D8: 40000 | E8: 400 | F8: Thanh cong | G8: =IFERROR(VLOOKUP(A8,$L$3:$M$10,2,FALSE),"KHONG TIM THAY") -> Tran Binh | I8: U006 | J8: Vo Kha | L8: =A7 -> TX1006 | M8: =TRIM(C7) -> Hoang Giang
A9: TX1008 | B9: U006 | C9: Vo Kha | D9: 300000 | E9: 3000 | F9: Dang xu ly | G9: =IFERROR(VLOOKUP(A9,$L$3:$M$10,2,FALSE),"KHONG TIM THAY") -> Vo Kha | L9: =A8 -> TX1007 | M9: =TRIM(C8) -> Tran Binh
L10: =A9 -> TX1008 | M10: =TRIM(C9) -> Vo Kha

Sheet LamSach
A1: MaGiaoDich | B1: TenGoc | C1: TenDaLamSach
A2: =GiaoDich!A2 -> TX1001 | B2: =GiaoDich!C2 -> Nguyen An | C2: =TRIM(B2) -> Nguyen An
A3: =GiaoDich!A3 -> TX1002 | B3: =GiaoDich!C3 -> Tran Binh | C3: =TRIM(B3) -> Tran Binh
A4: =GiaoDich!A4 -> TX1003 | B4: =GiaoDich!C4 -> Le Chi | C4: =TRIM(B4) -> Le Chi
A5: =GiaoDich!A5 -> TX1004 | B5: =GiaoDich!C5 -> Nguyen An | C5: =TRIM(B5) -> Nguyen An
A6: =GiaoDich!A6 -> TX1005 | B6: =GiaoDich!C6 -> Pham Duy | C6: =TRIM(B6) -> Pham Duy
A7: =GiaoDich!A7 -> TX1006 | B7: =GiaoDich!C7 -> Hoang Giang | C7: =TRIM(B7) -> Hoang Giang
A8: =GiaoDich!A8 -> TX1007 | B8: =GiaoDich!C8 -> Tran Binh | C8: =TRIM(B8) -> Tran Binh
A9: =GiaoDich!A9 -> TX1008 | B9: =GiaoDich!C9 -> Vo Kha | C9: =TRIM(B9) -> Vo Kha

Sheet TongHopPhi
A1: TrangThai | B1: SoGiaoDich | C1: TongSoTien | D1: TongPhiNganHang
A2: Thanh cong | B2: =COUNTIF(GiaoDich!$F$2:$F$9,A2) -> 6 | C2: =SUMIF(GiaoDich!$F$2:$F$9,A2,GiaoDich!$D$2:$D$9) -> 769000 | D2: =SUMIF(GiaoDich!$F$2:$F$9,A2,GiaoDich!$E$2:$E$9) -> 7690
A3: Hoan tien | B3: =COUNTIF(GiaoDich!$F$2:$F$9,A3) -> 1 | C3: =SUMIF(GiaoDich!$F$2:$F$9,A3,GiaoDich!$D$2:$D$9) -> 50000 | D3: =SUMIF(GiaoDich!$F$2:$F$9,A3,GiaoDich!$E$2:$E$9) -> 500
A4: Dang xu ly | B4: =COUNTIF(GiaoDich!$F$2:$F$9,A4) -> 1 | C4: =SUMIF(GiaoDich!$F$2:$F$9,A4,GiaoDich!$D$2:$D$9) -> 300000 | D4: =SUMIF(GiaoDich!$F$2:$F$9,A4,GiaoDich!$E$2:$E$9) -> 3000
A6: Tong cong | B6: =SUM(B2:B4) -> 8 | C6: =SUM(C2:C4) -> 1119000 | D6: =SUM(D2:D4) -> 11190
A8: Ghi chu | B8: VLOOKUP dùng FALSE để khớp chính xác; TRIM loại bỏ khoảng trắng thừa.
